fim_mod_depth,fim_f_mod_hz,fim_delta_f_hz,deep_svdd_score,xgboost_attack_probability,simulated_key_rate
0.2835425420026464,100056004.72717403,20638502.179991025,8.921688,0.010091944,0.006284116208090035
0.18379732546729083,46252431.047588326,34099386.43096158,3873.7915,0.9955271,0.0
0.31506823126910755,15105344.553246597,57209463.81554289,12614.89,0.99877244,0.0
0.41808243301245795,148049690.1772959,91427019.29670693,8907.265,0.99224687,0.00961114677002545
0.44326881903130555,125154253.62001766,94642846.3464806,48.053696,0.46821547,0.0
0.2397633689207903,77418773.66265441,66586157.65784534,8329.55,0.9970919,0.0
0.08489467156377431,30211728.730327554,61900717.65358086,239.4053,0.70764256,0.008423520085775448
0.3108744289404781,16596325.101117603,24932728.21621251,6701.8955,0.9948196,0.0
0.46642456352702794,11405967.337369282,96597236.43656924,4639.953,0.99889,0.0
0.2560288521156274,11984343.711414423,93050692.22344957,8450.432,0.9956267,0.0
0.2046418493323261,36491866.165840864,30742891.915560123,6924.7886,0.99539965,0.0
0.38756498935832906,57375295.614894286,84783031.37161367,10596.539,0.9995757,0.0
0.15740319009666548,84548265.34625931,64988747.4306919,11654.171,0.9985115,0.0
0.33855921637694747,21618426.534705233,63153947.46327358,3774.219,0.99765575,0.0
0.49398245967087306,31900092.454838805,75936793.46547674,140.74567,0.6203349,0.0
0.2650523690417897,27693657.673404764,17947238.23081793,15815.099,0.99961865,0.0
0.3441229871071088,23070415.3597749,47540120.77356566,8334.36,0.9985752,0.0
0.0669659063877414,57574967.55091888,54106858.30825673,33.921135,0.4970812,0.0
0.15035990306505814,12532037.501338944,35882519.724022225,8754.566,0.9991596,0.0
0.14299607657369928,53980675.80544095,99287777.10656728,91.00784,0.26042238,0.005580706213229156
0.3566076960590544,19205906.53737089,9443891.130128348,2300.384,0.9711321,0.0
0.48339105288756085,42607634.38877591,24053255.269200724,699.27704,0.85950994,0.0
0.08893896125005935,73932718.61475831,89601972.87828381,11.290678,0.0564654,0.013728261982843656
0.16995871601443105,68476542.87592804,76361297.6221131,573.1674,0.96478325,0.0
0.46180597195320555,14697151.305644207,72205562.18199793,6438.805,0.99860555,0.0
0.4043281159291072,45080210.91801043,16672080.124778287,1404.2894,0.9972187,0.0
0.2361838846961844,86267677.42251445,13317986.143068247,10262.131,0.9992386,0.0
0.42962712300806677,17545316.785377707,8323209.675205671,2613.459,0.9982924,0.0
0.4505059477106469,49899247.053635396,43637557.16550107,335.91888,0.4133096,0.0010823487950329138
0.17813030514443995,13772034.370326929,21208959.97670287,4657.8325,0.9969043,0.0
0.41527653584666613,114594094.76590748,83763978.93769772,2857.0925,0.98641765,0.0
0.13039764359044972,38571264.4670686,38404035.38411465,6209.092,0.9970209,0.0
0.29061307514170576,138969448.3703497,68518929.57995608,16.96272,0.013650593,0.0
0.22703619890535487,109446664.09532522,45173948.61578545,2059.4346,0.99861956,0.0
0.10244915564706514,33107272.30051534,28014491.516207922,47.769684,0.4715876,0.003756321553130889
0.2977275392821881,127313864.81671093,5609522.284873188,1.664612,0.13768989,0.002624110877288001
0.05597616613016676,20801071.266064838,82084106.025018,0.9959849,0.22782288,0.0015691353952134075
0.07668434146575455,24844012.19616888,30723320.843681287,7.0079117,0.10602044,0.0
0.4766042847418473,26607208.24543366,78306407.40571247,7884.1772,0.9990721,0.0
0.12103133186356503,39220447.846072294,51607564.932108335,8.7288065,0.07589848,0.006417637123471449
0.19788387016406744,65133780.2238903,41417413.16690948,7610.882,0.9996362,0.0
0.36389432352989887,18525885.259697627,86577645.20016077,9471.268,0.9987698,0.0
0.21002732739652985,102234582.08158675,72724463.66940024,1992.5679,0.996216,0.0
0.37416648112685136,63312431.14246926,59181707.56067564,7659.031,0.9992945,0.0
0.10659850662116394,10951402.824004024,40586772.70522021,5433.1978,0.9994541,0.0
0.3272685969843635,95081279.49914482,48831053.46907194,28.859503,0.061904307,0.0
0.3855441572486077,10235086.392527197,56448491.24164863,12757.016,0.99037105,0.0
0.26589912424425627,23417388.158329953,12112864.51729424,3777.023,0.9990107,0.0
