alpha,attack,model,n_windows,positive_prevalence,auroc_mean,auroc_std,tpr_at_4pct_fpr_mean,tpr_at_4pct_fpr_std,average_precision_mean,average_precision_std
2.0,FIM,deep_svdd,402,0.5,0.5805153337788669,0.09061537098257862,0.027860696517412936,0.029281470586193355,0.556098195576775,0.07225250455016698
2.0,FIM,xgboost,402,0.5,0.5953813024430088,0.0,0.054726368159203974,6.938893903907228e-18,0.5736153188694747,0.0
2.0,TWIRL,deep_svdd,402,0.5,0.3966882007871092,0.044949703014669586,0.022885572139303485,0.008674425758289897,0.4412695484004949,0.02081252627585195
2.0,TWIRL,xgboost,402,0.5,0.4660033167495853,0.0,0.04477611940298507,0.0,0.4899748216380192,5.551115123125783e-17
2.0,Zero-Day,deep_svdd,402,0.5,0.9873022944976609,0.005737842654320513,0.8368159203980099,0.09741085174543615,0.9860189671926978,0.006853540108789278
2.0,Zero-Day,xgboost,402,0.5,0.8905225118190143,1.1102230246251565e-16,0.5572139303482587,0.0,0.9002341541979636,1.1102230246251565e-16
2.5,FIM,deep_svdd,402,0.5,0.03170218558946561,0.020403111511853617,0.0,0.0,0.3103858733802931,0.0019535414188619838
2.5,FIM,xgboost,402,0.5,0.01990049751243781,0.0,0.0,0.0,0.3088226288093295,0.0
2.5,TWIRL,deep_svdd,402,0.5,0.24068711170515583,0.04547229338950258,0.06965174129353234,0.034611994290400176,0.41621932475578644,0.03893702329047383
2.5,TWIRL,xgboost,402,0.5,0.22192519987129034,0.0,0.0,0.0,0.37714529166013944,0.0
2.5,Zero-Day,deep_svdd,402,0.5,0.11508130986856761,0.025772281163695267,0.003980099502487562,0.007960199004975124,0.3274624620349217,0.008713013324078657
2.5,Zero-Day,xgboost,402,0.5,0.12883344471671493,0.0,0.0,0.0,0.33397987098925674,0.0
3.0,FIM,deep_svdd,402,0.5,0.891309621048984,0.03274430776428395,0.6039800995024875,0.059585293220218404,0.9062034854739561,0.027320794137350727
3.0,FIM,xgboost,402,0.5,0.9247790896264944,0.0,0.6666666666666666,0.0,0.9301283690743201,0.0
3.0,TWIRL,deep_svdd,402,0.5,0.6285339471795254,0.0693207127474705,0.3044776119402985,0.07198645670720764,0.694996051979477,0.048413268772103044
3.0,TWIRL,xgboost,402,0.5,0.6602806861216307,0.0,0.3482587064676617,0.0,0.7149496865173163,0.0
3.0,Zero-Day,deep_svdd,402,0.5,0.9731937328283953,0.02006555810341971,0.8796019900497513,0.08043100647944765,0.9780245644920088,0.0156872648773697
3.0,Zero-Day,xgboost,402,0.5,0.999851488824534,0.0,1.0,0.0,0.9998512289959922,1.1102230246251565e-16
3.5,FIM,deep_svdd,402,0.5,0.7518378257963911,0.036294701913315325,0.4835820895522388,0.05048219261279929,0.8090802064294081,0.025781916423878528
3.5,FIM,xgboost,402,0.5,0.5740328209697779,0.0,0.04477611940298507,0.0,0.5650711649327915,0.0
3.5,TWIRL,deep_svdd,402,0.5,0.028548798297071853,0.019606203926940388,0.0,0.0,0.3101132256302452,0.00173247366747071
3.5,TWIRL,xgboost,402,0.5,0.09895794658548056,0.0,0.0,0.0,0.3239177585373987,0.0
3.5,Zero-Day,deep_svdd,402,0.5,0.27005767183980595,0.04835167887334925,0.03383084577114428,0.018184743166663745,0.3981114054628486,0.00811877918392491
3.5,Zero-Day,xgboost,402,0.5,0.4904086532511571,0.0,0.0,0.0,0.48635978560047455,5.551115123125783e-17
4.0,FIM,deep_svdd,402,0.5,0.43435063488527514,0.07068581496470773,0.013930348258706468,0.027860696517412936,0.4370113281121573,0.05039773681729278
4.0,FIM,xgboost,402,0.5,0.4788990371525458,0.0,0.009950248756218905,0.0,0.4543601950516806,0.0
4.0,TWIRL,deep_svdd,402,0.5,0.07284473156605034,0.01012792259567515,0.0,0.0,0.3175115431512496,0.0021451492152305554
4.0,TWIRL,xgboost,402,0.5,0.1841786094403604,0.0,0.0,0.0,0.3404333456594966,0.0
4.0,Zero-Day,deep_svdd,402,0.5,0.5850350238855475,0.029113645392749576,0.07363184079601989,0.03452607278188552,0.5518220143892834,0.02582008231465267
4.0,Zero-Day,xgboost,402,0.5,0.5845152347714165,0.0,0.009950248756218905,0.0,0.5203875908987035,0.0
5.0,FIM,deep_svdd,402,0.5,0.38630726962203904,0.07847730384854949,0.007960199004975124,0.015920398009950244,0.4194119717721626,0.0479952251867927
5.0,FIM,xgboost,402,0.5,0.7533105616197618,0.0,0.30845771144278605,0.0,0.7728470019743316,0.0
5.0,TWIRL,deep_svdd,402,0.5,0.0,0.0,0.0,0.0,0.30809505354795724,0.0
5.0,TWIRL,xgboost,402,0.5,0.003663275661493527,0.0,0.0,0.0,0.30828825899136364,0.0
5.0,Zero-Day,deep_svdd,402,0.5,0.6838296081780154,0.10993111088247191,0.263681592039801,0.195896114663876,0.7139940357217297,0.13157184529203467
5.0,Zero-Day,xgboost,402,0.5,0.625628078512908,0.0,0.11940298507462685,1.3877787807814457e-17,0.636705467805413,0.0
