distance_km,attack,model,n_windows,positive_prevalence,auroc_mean,auroc_std,tpr_at_4pct_fpr_mean,tpr_at_4pct_fpr_std,average_precision_mean,average_precision_std
50,FIM,deep_svdd,2850,0.42105263157894735,0.7957642424242424,0.04518819734406549,0.2541666666666667,0.1963811486766374,0.7105118569223066,0.09305060916650462
50,FIM,xgboost,2850,0.42105263157894735,0.8928525252525252,0.0,0.6225,0.0,0.8558929901191712,0.0
50,TWIRL,deep_svdd,2850,0.42105263157894735,0.4748763636363636,0.0939051543538641,0.043166666666666666,0.025085409659357325,0.4106970671987673,0.05601364565693281
50,TWIRL,xgboost,2850,0.42105263157894735,0.7240858585858586,0.0,0.135,0.0,0.6144125391760998,0.0
50,Zero-Day (All),deep_svdd,2801,0.4109246697607997,0.7846650343574757,0.07494303897609764,0.22363162467419634,0.16639972352283297,0.6824102810938445,0.10851288470570998
50,Zero-Day (All),xgboost,2801,0.4109246697607997,0.9179093278571994,0.0,0.7028670721112077,0.0,0.8676059606159029,1.1102230246251565e-16
50,ZD: DSI (ZD-C),deep_svdd,1750,0.05714285714285714,0.7897757575757576,0.08592655321430677,0.066,0.08089499366462674,0.1447702864253178,0.05852055057363579
50,ZD: DSI (ZD-C),xgboost,1750,0.05714285714285714,0.8434181818181818,1.1102230246251565e-16,0.6,0.0,0.3133671265354392,0.0
50,ZD: CC  (ZD-D),deep_svdd,1901,0.13203577064702787,0.7231993239164554,0.13435769553261476,0.13306772908366532,0.1766805378196674,0.2777939516597382,0.1324198240028339
50,ZD: CC  (ZD-D),xgboost,1901,0.13203577064702787,0.8524278643003742,0.0,0.5697211155378487,0.0,0.5294328802653472,0.0
50,ZD: CFI (ZD-E),deep_svdd,1850,0.10810810810810811,0.6815551515151516,0.12825630075293873,0.135,0.16376812876747418,0.2559064066481435,0.13465327035095834
50,ZD: CFI (ZD-E),xgboost,1850,0.10810810810810811,0.9105242424242423,0.0,0.575,0.0,0.5023361392505812,0.0
50,ZD: CAM (ZD-F),deep_svdd,1850,0.10810810810810811,0.8884412121212121,0.07471533163213492,0.471,0.25511566004461583,0.5582521791735731,0.2068667106721919
50,ZD: CAM (ZD-F),xgboost,1850,0.10810810810810811,0.9717136363636364,0.0,0.8800000000000001,1.1102230246251565e-16,0.7862034063805166,0.0
50,ZD: DPJ (ZD-G),deep_svdd,1750,0.05714285714285714,0.7876787878787879,0.19181998658732563,0.278,0.3875254830330517,0.23588346266328034,0.18751047380206587
50,ZD: DPJ (ZD-G),xgboost,1750,0.05714285714285714,0.9811030303030304,0.0,1.0,0.0,0.5575293316644856,0.0
50,ZD: SAM (ZD-H),deep_svdd,1750,0.05714285714285714,0.8197466666666667,0.06023005706847702,0.042,0.05706137047074842,0.1541364694944908,0.05806419864028204
50,ZD: SAM (ZD-H),xgboost,1750,0.05714285714285714,0.8866242424242422,1.1102230246251565e-16,0.27,0.0,0.2240906288278775,0.0
50,ZD: RTN (ZD-I),deep_svdd,1750,0.05714285714285714,0.8022303030303031,0.1433038832452493,0.288,0.3946846842734083,0.3317449573820603,0.3527892109114182
50,ZD: RTN (ZD-I),xgboost,1750,0.05714285714285714,0.972030303030303,0.0,0.95,0.0,0.47151581443344287,0.0
50,ZD: MTC (ZD-J),deep_svdd,1750,0.05714285714285714,0.8768400000000002,0.11592250022494426,0.354,0.3085190431723786,0.3004644440975648,0.15840652570622543
50,ZD: MTC (ZD-J),xgboost,1750,0.05714285714285714,0.9778909090909093,1.1102230246251565e-16,0.93,0.0,0.5689664495179769,0.0
150,FIM,deep_svdd,2850,0.42105263157894735,0.6529461616161616,0.043873029758494844,0.13216666666666668,0.10306632168980644,0.579611087363997,0.06484344615905478
150,FIM,xgboost,2850,0.42105263157894735,0.7649242424242424,0.0,0.37916666666666665,0.0,0.7555173111120925,0.0
150,TWIRL,deep_svdd,2850,0.42105263157894735,0.5875718181818181,0.05561205398062623,0.14116666666666666,0.10662968108781384,0.5498844225035342,0.08113201235669959
150,TWIRL,xgboost,2850,0.42105263157894735,0.7903409090909091,0.0,0.4325,0.0,0.7910790361431952,0.0
150,Zero-Day (All),deep_svdd,2801,0.4109246697607997,0.8998821578074402,0.0312283073160791,0.5127715030408341,0.12863713174669258,0.8714449262876467,0.04042402539963047
150,Zero-Day (All),xgboost,2801,0.4109246697607997,0.9752857857462549,0.0,0.8870547350130321,0.0,0.9746582733814014,0.0
150,ZD: PNI (ZD-A),deep_svdd,1801,0.0838423098278734,0.9717021874372869,0.02810238024213993,0.7377483443708609,0.22006693265566174,0.7996509446161861,0.17888103228910246
150,ZD: PNI (ZD-A),xgboost,1801,0.0838423098278734,0.9998916315472608,1.1102230246251565e-16,1.0,0.0,0.9988509921333316,0.0
150,ZD: CDA (ZD-B),deep_svdd,1750,0.05714285714285714,0.7203757575757577,0.13791007671621186,0.0,0.0,0.10480216309299444,0.031761489749542265
150,ZD: CDA (ZD-B),xgboost,1750,0.05714285714285714,0.7636303030303031,0.0,0.08,0.0,0.14827421877786132,0.0
150,ZD: DSI (ZD-C),deep_svdd,1750,0.05714285714285714,0.9656193939393939,0.03913078190114112,0.71,0.2469817807045694,0.7207376344420086,0.23792852194057415
150,ZD: DSI (ZD-C),xgboost,1750,0.05714285714285714,0.9957393939393938,1.1102230246251565e-16,1.0,0.0,0.9321432907067951,0.0
150,ZD: CC  (ZD-D),deep_svdd,1750,0.05714285714285714,0.7736581818181818,0.17510449588451898,0.326,0.251443830705786,0.29486902837581674,0.22749506926509108
150,ZD: CC  (ZD-D),xgboost,1750,0.05714285714285714,0.9727878787878786,1.1102230246251565e-16,0.74,0.0,0.7486952986236939,0.0
150,ZD: CAM (ZD-F),deep_svdd,1850,0.10810810810810811,0.9410272727272726,0.04036068516829668,0.68,0.12058192235986288,0.7596314928859835,0.09503329841919535
150,ZD: CAM (ZD-F),xgboost,1850,0.10810810810810811,0.999730303030303,0.0,1.0,0.0,0.997908129226649,1.1102230246251565e-16
150,ZD: DPJ (ZD-G),deep_svdd,1750,0.05714285714285714,0.863929696969697,0.09026374842994517,0.388,0.28756912212544655,0.43712308792287047,0.2507319578082268
150,ZD: DPJ (ZD-G),xgboost,1750,0.05714285714285714,0.9856424242424243,1.1102230246251565e-16,0.8800000000000001,1.1102230246251565e-16,0.9044523666429314,1.1102230246251565e-16
150,ZD: SAM (ZD-H),deep_svdd,1750,0.05714285714285714,0.8968666666666667,0.0519742122961152,0.34,0.21799082549501939,0.358028805313526,0.14343664556172636
150,ZD: SAM (ZD-H),xgboost,1750,0.05714285714285714,0.9987333333333334,0.0,1.0,0.0,0.9789191291730726,0.0
150,ZD: RTN (ZD-I),deep_svdd,1750,0.05714285714285714,0.9814630303030303,0.0362687646451997,0.9039999999999999,0.187040102651811,0.8802209807747658,0.22877741232544738
150,ZD: RTN (ZD-I),xgboost,1750,0.05714285714285714,1.0,0.0,1.0,0.0,1.0,0.0
150,ZD: MTC (ZD-J),deep_svdd,1850,0.10810810810810811,0.9032030303030304,0.0568560138129943,0.38,0.22838563877792317,0.5448193994301712,0.19466534458726198
150,ZD: MTC (ZD-J),xgboost,1850,0.10810810810810811,0.9998545454545453,1.1102230246251565e-16,1.0,0.0,0.9988636649433775,0.0
