attack,model,average_precision,positive_prevalence_baseline,n_windows,n_seeds
FIM,deep_svdd,0.9637784965751295,0.7140816909454442,3501,5
FIM,xgboost,0.9581379344180857,0.7140816909454442,3501,5
TWIRL,deep_svdd,0.815519287222086,0.7140816909454442,3501,5
TWIRL,xgboost,0.8647434317739475,0.7140816909454442,3501,5
Zero-Day (All),deep_svdd,0.9749639454729518,0.7099391480730223,3451,5
Zero-Day (All),xgboost,0.9779942918185418,0.7099391480730223,3451,5
ZD: PNI (ZD-A),deep_svdd,0.9596524712568835,0.28551034975017847,1401,5
ZD: PNI (ZD-A),xgboost,0.9670032683190966,0.28551034975017847,1401,5
ZD: CDA (ZD-B),deep_svdd,0.0688039462469574,0.09082652134423251,1101,5
ZD: CDA (ZD-B),xgboost,0.06298661121337046,0.09082652134423251,1101,5
ZD: DSI (ZD-C),deep_svdd,0.7468913096622265,0.16652789342214822,1201,5
ZD: DSI (ZD-C),xgboost,0.7949661444748428,0.16652789342214822,1201,5
ZD: CFI (ZD-E),deep_svdd,0.6234346492221295,0.19984012789768185,1251,5
ZD: CFI (ZD-E),xgboost,0.7388406791015548,0.19984012789768185,1251,5
ZD: CAM (ZD-F),deep_svdd,0.9676754146506117,0.3747657713928795,1601,5
ZD: CAM (ZD-F),xgboost,0.9901175720712363,0.3747657713928795,1601,5
ZD: DPJ (ZD-G),deep_svdd,0.6909296805744669,0.09082652134423251,1101,5
ZD: DPJ (ZD-G),xgboost,0.7453890449153178,0.09082652134423251,1101,5
ZD: SAM (ZD-H),deep_svdd,0.9259121090631386,0.16652789342214822,1201,5
ZD: SAM (ZD-H),xgboost,0.9944544105110182,0.16652789342214822,1201,5
ZD: RTN (ZD-I),deep_svdd,0.9835486784875596,0.28551034975017847,1401,5
ZD: RTN (ZD-I),xgboost,0.990595747345578,0.28551034975017847,1401,5
ZD: MTC (ZD-J),deep_svdd,0.9946335874555932,0.16652789342214822,1201,5
ZD: MTC (ZD-J),xgboost,0.9995885808184397,0.16652789342214822,1201,5
